kind,records,operation,storage,repetitions,threads,median_seconds,min_seconds,max_seconds,median_peak_rss_mib,disk_bytes
pairs,10000,write_all,text,5,4,0.00417155958712101,0.004134839400649071,0.004634960554540157,85.984375,876636
pairs,10000,write_all,gzip,5,4,0.043328600004315376,0.043232410214841366,0.04338441975414753,84.7265625,190958
pairs,10000,write_all,pqs_uncompressed,5,4,0.03093548957258463,0.030810900032520294,0.04067381005734205,89.8671875,578919
pairs,10000,write_all,pqs_default,5,4,0.0333578297868371,0.03286127932369709,0.0373030100017786,92.578125,403866
pairs,100000,write_all,text,5,4,0.010230280458927155,0.010121099650859833,0.01134198997169733,114.3984375,5402005
pairs,100000,write_all,gzip,5,4,0.28104740008711815,0.2804976496845484,0.2891833698377013,112.85546875,1147793
pairs,100000,write_all,pqs_uncompressed,5,4,0.05934074055403471,0.057097489945590496,0.061456029303371906,127.96484375,3433217
pairs,100000,write_all,pqs_default,5,4,0.07603416033089161,0.07472021039575338,0.08331965003162622,129.69921875,1748652
pairs,1000000,write_all,text,5,4,0.06843370012938976,0.0643281601369381,0.07561114989221096,281.72265625,51552373
pairs,1000000,write_all,gzip,5,4,2.6328998496755958,2.607564619742334,2.6422297805547714,281.03515625,10535717
pairs,1000000,write_all,pqs_uncompressed,5,4,0.35227122996002436,0.3445926792919636,0.3537846002727747,308.07421875,33197686
pairs,1000000,write_all,pqs_default,5,4,0.5590089298784733,0.5568223400041461,0.5658851098269224,312.87109375,15064295
concat,10000,write_all,text,5,4,0.0014046002179384232,0.0013210000470280647,0.001661449670791626,87.12890625,657975
concat,10000,write_all,gzip,5,4,0.0480450801551342,0.0479812091216445,0.04830234032124281,89.78515625,239715
concat,10000,write_all,pqs_uncompressed,5,4,0.03181964997202158,0.03145783022046089,0.03505523968487978,91.484375,910433
concat,10000,write_all,pqs_default,5,4,0.03739120997488499,0.03656404931098223,0.03755160979926586,94.765625,620533
concat,100001,write_all,text,5,4,0.010216780006885529,0.010114070028066635,0.01186279021203518,120.50390625,6683053
concat,100001,write_all,gzip,5,4,0.48337601963430643,0.48164877016097307,0.49740325938910246,122.30078125,2399810
concat,100001,write_all,pqs_uncompressed,5,4,0.06915946956723928,0.06127963960170746,0.07919185981154442,136.97265625,6083758
concat,100001,write_all,pqs_default,5,4,0.10692891012877226,0.10665493924170732,0.11541164014488459,136.78515625,3700314
concat,1000000,write_all,text,5,4,0.09003877080976963,0.08891300018876791,0.10345285944640636,293.08203125,68210088
concat,1000000,write_all,gzip,5,4,4.907086139544845,4.849217540584505,4.98285140004009,292.59765625,24074033
concat,1000000,write_all,pqs_uncompressed,5,4,0.35742702055722475,0.34353241976350546,0.36057690996676683,314.3515625,58594602
concat,1000000,write_all,pqs_default,5,4,0.784938839264214,0.7810718696564436,0.7942564599215984,314.3671875,34817131
